FILENAME,PA,AORKEY
/home/rsiverd/ucd_project/ucd_targets/wise1828/r39526912/SPITZER_I2_39526912_0001_0000_2_clean.fits.fcat[IMGHEADER],-136.665399206033,39526912
/home/rsiverd/ucd_project/ucd_targets/wise1828/r39526912/SPITZER_I2_39526912_0002_0000_2_clean.fits.fcat[IMGHEADER],-136.663858821472,39526912
/home/rsiverd/ucd_project/ucd_targets/wise1828/r39526912/SPITZER_I2_39526912_0003_0000_2_clean.fits.fcat[IMGHEADER],-136.658822667836,39526912
/home/rsiverd/ucd_project/ucd_targets/wise1828/r39526912/SPITZER_I2_39526912_0004_0000_2_clean.fits.fcat[IMGHEADER],-136.659681834357,39526912
/home/rsiverd/ucd_project/ucd_targets/wise1828/r39526912/SPITZER_I2_39526912_0005_0000_2_clean.fits.fcat[IMGHEADER],-136.65892225112,39526912
/home/rsiverd/ucd_project/ucd_targets/wise1828/r39526912/SPITZER_I2_39526912_0006_0000_2_clean.fits.fcat[IMGHEADER],-136.657801001178,39526912
/home/rsiverd/ucd_project/ucd_targets/wise1828/r39526912/SPITZER_I2_39526912_0007_0000_2_clean.fits.fcat[IMGHEADER],-136.660901834366,39526912
/home/rsiverd/ucd_project/ucd_targets/wise1828/r39526912/SPITZER_I2_39526912_0008_0000_2_clean.fits.fcat[IMGHEADER],-136.663885744548,39526912
/home/rsiverd/ucd_project/ucd_targets/wise1828/r39526912/SPITZER_I2_39526912_0009_0000_2_clean.fits.fcat[IMGHEADER],-136.664045744544,39526912
/home/rsiverd/ucd_project/ucd_targets/wise1828/r39526912/SPITZER_I2_39526912_0010_0000_2_clean.fits.fcat[IMGHEADER],-136.665060744517,39526912
/home/rsiverd/ucd_project/ucd_targets/wise1828/r39526912/SPITZER_I2_39526912_0011_0000_2_clean.fits.fcat[IMGHEADER],-136.666776513689,39526912
/home/rsiverd/ucd_project/ucd_targets/wise1828/r39526912/SPITZER_I2_39526912_0012_0000_2_clean.fits.fcat[IMGHEADER],-136.664361667614,39526912
/home/rsiverd/ucd_project/ucd_targets/wise1828/r41027328/SPITZER_I2_41027328_0001_0000_2_clean.fits.fcat[IMGHEADER],78.3938960167143,41027328
/home/rsiverd/ucd_project/ucd_targets/wise1828/r41027328/SPITZER_I2_41027328_0002_0000_2_clean.fits.fcat[IMGHEADER],78.3914717001261,41027328
/home/rsiverd/ucd_project/ucd_targets/wise1828/r41027328/SPITZER_I2_41027328_0003_0000_2_clean.fits.fcat[IMGHEADER],78.3942544575643,41027328
/home/rsiverd/ucd_project/ucd_targets/wise1828/r41027328/SPITZER_I2_41027328_0004_0000_2_clean.fits.fcat[IMGHEADER],78.393461650051,41027328
/home/rsiverd/ucd_project/ucd_targets/wise1828/r41027328/SPITZER_I2_41027328_0005_0000_2_clean.fits.fcat[IMGHEADER],78.3915540227444,41027328
/home/rsiverd/ucd_project/ucd_targets/wise1828/r44584960/SPITZER_I2_44584960_0001_0000_2_clean.fits.fcat[IMGHEADER],-86.4294396591259,44584960
/home/rsiverd/ucd_project/ucd_targets/wise1828/r44584960/SPITZER_I2_44584960_0002_0000_2_clean.fits.fcat[IMGHEADER],-86.4312310354589,44584960
/home/rsiverd/ucd_project/ucd_targets/wise1828/r44584960/SPITZER_I2_44584960_0003_0000_2_clean.fits.fcat[IMGHEADER],-86.4340299815224,44584960
/home/rsiverd/ucd_project/ucd_targets/wise1828/r44584960/SPITZER_I2_44584960_0004_0000_2_clean.fits.fcat[IMGHEADER],-86.4327775353728,44584960
/home/rsiverd/ucd_project/ucd_targets/wise1828/r44584960/SPITZER_I2_44584960_0005_0000_2_clean.fits.fcat[IMGHEADER],-86.4325538073075,44584960
/home/rsiverd/ucd_project/ucd_targets/wise1828/r44586752/SPITZER_I2_44586752_0001_0000_2_clean.fits.fcat[IMGHEADER],88.2759574900584,44586752
/home/rsiverd/ucd_project/ucd_targets/wise1828/r44586752/SPITZER_I2_44586752_0002_0000_2_clean.fits.fcat[IMGHEADER],88.2738048251337,44586752
/home/rsiverd/ucd_project/ucd_targets/wise1828/r44586752/SPITZER_I2_44586752_0003_0000_2_clean.fits.fcat[IMGHEADER],88.2785223624813,44586752
/home/rsiverd/ucd_project/ucd_targets/wise1828/r44586752/SPITZER_I2_44586752_0004_0000_2_clean.fits.fcat[IMGHEADER],88.2781764205334,44586752
/home/rsiverd/ucd_project/ucd_targets/wise1828/r44586752/SPITZER_I2_44586752_0005_0000_2_clean.fits.fcat[IMGHEADER],88.2775459009357,44586752
/home/rsiverd/ucd_project/ucd_targets/wise1828/r46438912/SPITZER_I2_46438912_0001_0000_2_clean.fits.fcat[IMGHEADER],86.3213487987373,46438912
/home/rsiverd/ucd_project/ucd_targets/wise1828/r46438912/SPITZER_I2_46438912_0002_0000_2_clean.fits.fcat[IMGHEADER],86.325041413083,46438912
/home/rsiverd/ucd_project/ucd_targets/wise1828/r46438912/SPITZER_I2_46438912_0003_0000_2_clean.fits.fcat[IMGHEADER],86.3208476146607,46438912
/home/rsiverd/ucd_project/ucd_targets/wise1828/r46438912/SPITZER_I2_46438912_0004_0000_2_clean.fits.fcat[IMGHEADER],86.3294213370775,46438912
/home/rsiverd/ucd_project/ucd_targets/wise1828/r46438912/SPITZER_I2_46438912_0005_0000_2_clean.fits.fcat[IMGHEADER],86.3218373308879,46438912
/home/rsiverd/ucd_project/ucd_targets/wise1828/r46438912/SPITZER_I2_46438912_0006_0000_2_clean.fits.fcat[IMGHEADER],86.3253094807685,46438912
/home/rsiverd/ucd_project/ucd_targets/wise1828/r46438912/SPITZER_I2_46438912_0007_0000_2_clean.fits.fcat[IMGHEADER],86.3210944357035,46438912
/home/rsiverd/ucd_project/ucd_targets/wise1828/r46438912/SPITZER_I2_46438912_0008_0000_2_clean.fits.fcat[IMGHEADER],86.3249009049628,46438912
/home/rsiverd/ucd_project/ucd_targets/wise1828/r46438912/SPITZER_I2_46438912_0009_0000_2_clean.fits.fcat[IMGHEADER],86.3252618024298,46438912
/home/rsiverd/ucd_project/ucd_targets/wise1828/r46439168/SPITZER_I2_46439168_0001_0000_2_clean.fits.fcat[IMGHEADER],101.616068518538,46439168
/home/rsiverd/ucd_project/ucd_targets/wise1828/r46439168/SPITZER_I2_46439168_0002_0000_2_clean.fits.fcat[IMGHEADER],101.62267027641,46439168
/home/rsiverd/ucd_project/ucd_targets/wise1828/r46439168/SPITZER_I2_46439168_0003_0000_2_clean.fits.fcat[IMGHEADER],101.618023034605,46439168
/home/rsiverd/ucd_project/ucd_targets/wise1828/r46439168/SPITZER_I2_46439168_0004_0000_2_clean.fits.fcat[IMGHEADER],101.627631335914,46439168
/home/rsiverd/ucd_project/ucd_targets/wise1828/r46439168/SPITZER_I2_46439168_0005_0000_2_clean.fits.fcat[IMGHEADER],101.620330786159,46439168
/home/rsiverd/ucd_project/ucd_targets/wise1828/r46439168/SPITZER_I2_46439168_0006_0000_2_clean.fits.fcat[IMGHEADER],101.623595786069,46439168
/home/rsiverd/ucd_project/ucd_targets/wise1828/r46439168/SPITZER_I2_46439168_0007_0000_2_clean.fits.fcat[IMGHEADER],101.618660373286,46439168
/home/rsiverd/ucd_project/ucd_targets/wise1828/r46439168/SPITZER_I2_46439168_0008_0000_2_clean.fits.fcat[IMGHEADER],101.623690419379,46439168
/home/rsiverd/ucd_project/ucd_targets/wise1828/r46439168/SPITZER_I2_46439168_0009_0000_2_clean.fits.fcat[IMGHEADER],101.621316635226,46439168
/home/rsiverd/ucd_project/ucd_targets/wise1828/r46651136/SPITZER_I2_46651136_0001_0000_2_clean.fits.fcat[IMGHEADER],-134.983831718061,46651136
/home/rsiverd/ucd_project/ucd_targets/wise1828/r46651136/SPITZER_I2_46651136_0002_0000_2_clean.fits.fcat[IMGHEADER],-134.98514121803,46651136
/home/rsiverd/ucd_project/ucd_targets/wise1828/r46651136/SPITZER_I2_46651136_0003_0000_2_clean.fits.fcat[IMGHEADER],-134.97102723471,46651136
/home/rsiverd/ucd_project/ucd_targets/wise1828/r46651136/SPITZER_I2_46651136_0004_0000_2_clean.fits.fcat[IMGHEADER],-134.979831551509,46651136
/home/rsiverd/ucd_project/ucd_targets/wise1828/r46651136/SPITZER_I2_46651136_0005_0000_2_clean.fits.fcat[IMGHEADER],-134.974301551721,46651136
/home/rsiverd/ucd_project/ucd_targets/wise1828/r46651136/SPITZER_I2_46651136_0006_0000_2_clean.fits.fcat[IMGHEADER],-134.97654171827,46651136
/home/rsiverd/ucd_project/ucd_targets/wise1828/r46651136/SPITZER_I2_46651136_0007_0000_2_clean.fits.fcat[IMGHEADER],-134.977483218229,46651136
/home/rsiverd/ucd_project/ucd_targets/wise1828/r46651136/SPITZER_I2_46651136_0008_0000_2_clean.fits.fcat[IMGHEADER],-134.982943524579,46651136
/home/rsiverd/ucd_project/ucd_targets/wise1828/r46651136/SPITZER_I2_46651136_0009_0000_2_clean.fits.fcat[IMGHEADER],-134.982526825252,46651136
/home/rsiverd/ucd_project/ucd_targets/wise1828/r46651648/SPITZER_I2_46651648_0001_0000_2_clean.fits.fcat[IMGHEADER],-122.419069095234,46651648
/home/rsiverd/ucd_project/ucd_targets/wise1828/r46651648/SPITZER_I2_46651648_0002_0000_2_clean.fits.fcat[IMGHEADER],-122.425662761658,46651648
/home/rsiverd/ucd_project/ucd_targets/wise1828/r46651648/SPITZER_I2_46651648_0003_0000_2_clean.fits.fcat[IMGHEADER],-122.413078256698,46651648
/home/rsiverd/ucd_project/ucd_targets/wise1828/r46651648/SPITZER_I2_46651648_0004_0000_2_clean.fits.fcat[IMGHEADER],-122.423804595097,46651648
/home/rsiverd/ucd_project/ucd_targets/wise1828/r46651648/SPITZER_I2_46651648_0005_0000_2_clean.fits.fcat[IMGHEADER],-122.412866762098,46651648
/home/rsiverd/ucd_project/ucd_targets/wise1828/r46651648/SPITZER_I2_46651648_0006_0000_2_clean.fits.fcat[IMGHEADER],-122.420046321071,46651648
/home/rsiverd/ucd_project/ucd_targets/wise1828/r46651648/SPITZER_I2_46651648_0007_0000_2_clean.fits.fcat[IMGHEADER],-122.414149095349,46651648
/home/rsiverd/ucd_project/ucd_targets/wise1828/r46651648/SPITZER_I2_46651648_0008_0000_2_clean.fits.fcat[IMGHEADER],-122.420647450071,46651648
/home/rsiverd/ucd_project/ucd_targets/wise1828/r46651648/SPITZER_I2_46651648_0009_0000_2_clean.fits.fcat[IMGHEADER],-122.42113380947,46651648
/home/rsiverd/ucd_project/ucd_targets/wise1828/r46652160/SPITZER_I2_46652160_0001_0000_2_clean.fits.fcat[IMGHEADER],-106.374943410201,46652160
/home/rsiverd/ucd_project/ucd_targets/wise1828/r46652160/SPITZER_I2_46652160_0002_0000_2_clean.fits.fcat[IMGHEADER],-106.378286802558,46652160
/home/rsiverd/ucd_project/ucd_targets/wise1828/r46652160/SPITZER_I2_46652160_0003_0000_2_clean.fits.fcat[IMGHEADER],-106.369402770566,46652160
/home/rsiverd/ucd_project/ucd_targets/wise1828/r46652160/SPITZER_I2_46652160_0004_0000_2_clean.fits.fcat[IMGHEADER],-106.381479909986,46652160
/home/rsiverd/ucd_project/ucd_targets/wise1828/r46652160/SPITZER_I2_46652160_0005_0000_2_clean.fits.fcat[IMGHEADER],-106.371811318882,46652160
/home/rsiverd/ucd_project/ucd_targets/wise1828/r46652160/SPITZER_I2_46652160_0006_0000_2_clean.fits.fcat[IMGHEADER],-106.372982410254,46652160
/home/rsiverd/ucd_project/ucd_targets/wise1828/r46652160/SPITZER_I2_46652160_0007_0000_2_clean.fits.fcat[IMGHEADER],-106.374798254286,46652160
/home/rsiverd/ucd_project/ucd_targets/wise1828/r46652160/SPITZER_I2_46652160_0008_0000_2_clean.fits.fcat[IMGHEADER],-106.379161963859,46652160
/home/rsiverd/ucd_project/ucd_targets/wise1828/r46652160/SPITZER_I2_46652160_0009_0000_2_clean.fits.fcat[IMGHEADER],-106.378977524108,46652160
/home/rsiverd/ucd_project/ucd_targets/wise1828/r46655232/SPITZER_I2_46655232_0001_0000_2_clean.fits.fcat[IMGHEADER],-95.9330885677504,46655232
/home/rsiverd/ucd_project/ucd_targets/wise1828/r46655232/SPITZER_I2_46655232_0002_0000_2_clean.fits.fcat[IMGHEADER],-95.9349698581056,46655232
/home/rsiverd/ucd_project/ucd_targets/wise1828/r46655232/SPITZER_I2_46655232_0003_0000_2_clean.fits.fcat[IMGHEADER],-95.9277745356457,46655232
/home/rsiverd/ucd_project/ucd_targets/wise1828/r46655232/SPITZER_I2_46655232_0004_0000_2_clean.fits.fcat[IMGHEADER],-95.939350556779,46655232
/home/rsiverd/ucd_project/ucd_targets/wise1828/r46655232/SPITZER_I2_46655232_0005_0000_2_clean.fits.fcat[IMGHEADER],-95.9303275570427,46655232
/home/rsiverd/ucd_project/ucd_targets/wise1828/r46655232/SPITZER_I2_46655232_0006_0000_2_clean.fits.fcat[IMGHEADER],-95.9302964710661,46655232
/home/rsiverd/ucd_project/ucd_targets/wise1828/r46655232/SPITZER_I2_46655232_0007_0000_2_clean.fits.fcat[IMGHEADER],-95.9306292237175,46655232
/home/rsiverd/ucd_project/ucd_targets/wise1828/r46655232/SPITZER_I2_46655232_0008_0000_2_clean.fits.fcat[IMGHEADER],-95.9366942235343,46655232
/home/rsiverd/ucd_project/ucd_targets/wise1828/r46655232/SPITZER_I2_46655232_0009_0000_2_clean.fits.fcat[IMGHEADER],-95.9358840626415,46655232
/home/rsiverd/ucd_project/ucd_targets/wise1828/r46655744/SPITZER_I2_46655744_0001_0000_2_clean.fits.fcat[IMGHEADER],84.6111836467511,46655744
/home/rsiverd/ucd_project/ucd_targets/wise1828/r46655744/SPITZER_I2_46655744_0002_0000_2_clean.fits.fcat[IMGHEADER],84.6124287666731,46655744
/home/rsiverd/ucd_project/ucd_targets/wise1828/r46655744/SPITZER_I2_46655744_0003_0000_2_clean.fits.fcat[IMGHEADER],84.6046813033897,46655744
/home/rsiverd/ucd_project/ucd_targets/wise1828/r46655744/SPITZER_I2_46655744_0004_0000_2_clean.fits.fcat[IMGHEADER],84.6158900869235,46655744
/home/rsiverd/ucd_project/ucd_targets/wise1828/r46655744/SPITZER_I2_46655744_0005_0000_2_clean.fits.fcat[IMGHEADER],84.6128327950535,46655744
/home/rsiverd/ucd_project/ucd_targets/wise1828/r46655744/SPITZER_I2_46655744_0006_0000_2_clean.fits.fcat[IMGHEADER],84.6113074128434,46655744
/home/rsiverd/ucd_project/ucd_targets/wise1828/r46655744/SPITZER_I2_46655744_0007_0000_2_clean.fits.fcat[IMGHEADER],84.609150630133,46655744
/home/rsiverd/ucd_project/ucd_targets/wise1828/r46655744/SPITZER_I2_46655744_0008_0000_2_clean.fits.fcat[IMGHEADER],84.6179461432743,46655744
/home/rsiverd/ucd_project/ucd_targets/wise1828/r46655744/SPITZER_I2_46655744_0009_0000_2_clean.fits.fcat[IMGHEADER],84.616278965015,46655744
/home/rsiverd/ucd_project/ucd_targets/wise1828/r46656256/SPITZER_I2_46656256_0001_0000_2_clean.fits.fcat[IMGHEADER],106.102260501606,46656256
/home/rsiverd/ucd_project/ucd_targets/wise1828/r46656256/SPITZER_I2_46656256_0002_0000_2_clean.fits.fcat[IMGHEADER],106.10634799664,46656256
/home/rsiverd/ucd_project/ucd_targets/wise1828/r46656256/SPITZER_I2_46656256_0003_0000_2_clean.fits.fcat[IMGHEADER],106.103015835488,46656256
/home/rsiverd/ucd_project/ucd_targets/wise1828/r46656256/SPITZER_I2_46656256_0004_0000_2_clean.fits.fcat[IMGHEADER],106.112206835175,46656256
/home/rsiverd/ucd_project/ucd_targets/wise1828/r46656256/SPITZER_I2_46656256_0005_0000_2_clean.fits.fcat[IMGHEADER],106.10787315788,46656256
/home/rsiverd/ucd_project/ucd_targets/wise1828/r46656256/SPITZER_I2_46656256_0006_0000_2_clean.fits.fcat[IMGHEADER],106.107887001437,46656256
/home/rsiverd/ucd_project/ucd_targets/wise1828/r46656256/SPITZER_I2_46656256_0007_0000_2_clean.fits.fcat[IMGHEADER],106.102530867646,46656256
/home/rsiverd/ucd_project/ucd_targets/wise1828/r46656256/SPITZER_I2_46656256_0008_0000_2_clean.fits.fcat[IMGHEADER],106.1079951181,46656256
/home/rsiverd/ucd_project/ucd_targets/wise1828/r46656256/SPITZER_I2_46656256_0009_0000_2_clean.fits.fcat[IMGHEADER],106.107539483036,46656256
/home/rsiverd/ucd_project/ucd_targets/wise1828/r46656768/SPITZER_I2_46656768_0001_0000_2_clean.fits.fcat[IMGHEADER],124.165468406133,46656768
/home/rsiverd/ucd_project/ucd_targets/wise1828/r46656768/SPITZER_I2_46656768_0002_0000_2_clean.fits.fcat[IMGHEADER],124.169459276983,46656768
/home/rsiverd/ucd_project/ucd_targets/wise1828/r46656768/SPITZER_I2_46656768_0003_0000_2_clean.fits.fcat[IMGHEADER],124.164660542728,46656768
/home/rsiverd/ucd_project/ucd_targets/wise1828/r46656768/SPITZER_I2_46656768_0004_0000_2_clean.fits.fcat[IMGHEADER],124.17116645437,46656768
/home/rsiverd/ucd_project/ucd_targets/wise1828/r46656768/SPITZER_I2_46656768_0005_0000_2_clean.fits.fcat[IMGHEADER],124.169936454384,46656768
/home/rsiverd/ucd_project/ucd_targets/wise1828/r46656768/SPITZER_I2_46656768_0006_0000_2_clean.fits.fcat[IMGHEADER],124.169411744734,46656768
/home/rsiverd/ucd_project/ucd_targets/wise1828/r46656768/SPITZER_I2_46656768_0007_0000_2_clean.fits.fcat[IMGHEADER],124.165084180359,46656768
/home/rsiverd/ucd_project/ucd_targets/wise1828/r46656768/SPITZER_I2_46656768_0008_0000_2_clean.fits.fcat[IMGHEADER],124.171654525835,46656768
/home/rsiverd/ucd_project/ucd_targets/wise1828/r46656768/SPITZER_I2_46656768_0009_0000_2_clean.fits.fcat[IMGHEADER],124.172991452016,46656768
/home/rsiverd/ucd_project/ucd_targets/wise1828/r46657280/SPITZER_I2_46657280_0001_0000_2_clean.fits.fcat[IMGHEADER],-134.951618686776,46657280
/home/rsiverd/ucd_project/ucd_targets/wise1828/r46657280/SPITZER_I2_46657280_0002_0000_2_clean.fits.fcat[IMGHEADER],-134.951127557769,46657280
/home/rsiverd/ucd_project/ucd_targets/wise1828/r46657280/SPITZER_I2_46657280_0003_0000_2_clean.fits.fcat[IMGHEADER],-134.939499654884,46657280
/home/rsiverd/ucd_project/ucd_targets/wise1828/r46657280/SPITZER_I2_46657280_0004_0000_2_clean.fits.fcat[IMGHEADER],-134.948515783609,46657280
/home/rsiverd/ucd_project/ucd_targets/wise1828/r46657280/SPITZER_I2_46657280_0005_0000_2_clean.fits.fcat[IMGHEADER],-134.943206428968,46657280
/home/rsiverd/ucd_project/ucd_targets/wise1828/r46657280/SPITZER_I2_46657280_0006_0000_2_clean.fits.fcat[IMGHEADER],-134.944535052582,46657280
/home/rsiverd/ucd_project/ucd_targets/wise1828/r46657280/SPITZER_I2_46657280_0007_0000_2_clean.fits.fcat[IMGHEADER],-134.947476885745,46657280
/home/rsiverd/ucd_project/ucd_targets/wise1828/r46657280/SPITZER_I2_46657280_0008_0000_2_clean.fits.fcat[IMGHEADER],-134.952144385706,46657280
/home/rsiverd/ucd_project/ucd_targets/wise1828/r46657280/SPITZER_I2_46657280_0009_0000_2_clean.fits.fcat[IMGHEADER],-134.949982982222,46657280
/home/rsiverd/ucd_project/ucd_targets/wise1828/r46657792/SPITZER_I2_46657792_0001_0000_3_clean.fits.fcat[IMGHEADER],-115.878991624898,46657792
/home/rsiverd/ucd_project/ucd_targets/wise1828/r46657792/SPITZER_I2_46657792_0002_0000_3_clean.fits.fcat[IMGHEADER],-115.882550791454,46657792
/home/rsiverd/ucd_project/ucd_targets/wise1828/r46657792/SPITZER_I2_46657792_0003_0000_3_clean.fits.fcat[IMGHEADER],-115.872752125074,46657792
/home/rsiverd/ucd_project/ucd_targets/wise1828/r46657792/SPITZER_I2_46657792_0004_0000_3_clean.fits.fcat[IMGHEADER],-115.885086033339,46657792
/home/rsiverd/ucd_project/ucd_targets/wise1828/r46657792/SPITZER_I2_46657792_0005_0000_3_clean.fits.fcat[IMGHEADER],-115.877453936767,46657792
/home/rsiverd/ucd_project/ucd_targets/wise1828/r46657792/SPITZER_I2_46657792_0006_0000_3_clean.fits.fcat[IMGHEADER],-115.876694625003,46657792
/home/rsiverd/ucd_project/ucd_targets/wise1828/r46657792/SPITZER_I2_46657792_0007_0000_3_clean.fits.fcat[IMGHEADER],-115.877466517431,46657792
/home/rsiverd/ucd_project/ucd_targets/wise1828/r46657792/SPITZER_I2_46657792_0008_0000_3_clean.fits.fcat[IMGHEADER],-115.883616194652,46657792
/home/rsiverd/ucd_project/ucd_targets/wise1828/r46657792/SPITZER_I2_46657792_0009_0000_3_clean.fits.fcat[IMGHEADER],-115.880557063501,46657792
/home/rsiverd/ucd_project/ucd_targets/wise1828/r46658304/SPITZER_I2_46658304_0001_0000_2_clean.fits.fcat[IMGHEADER],-93.8371841199041,46658304
/home/rsiverd/ucd_project/ucd_targets/wise1828/r46658304/SPITZER_I2_46658304_0002_0000_2_clean.fits.fcat[IMGHEADER],-93.8431544369359,46658304
/home/rsiverd/ucd_project/ucd_targets/wise1828/r46658304/SPITZER_I2_46658304_0003_0000_2_clean.fits.fcat[IMGHEADER],-93.840499119824,46658304
/home/rsiverd/ucd_project/ucd_targets/wise1828/r46658304/SPITZER_I2_46658304_0004_0000_2_clean.fits.fcat[IMGHEADER],-93.8516271786017,46658304
/home/rsiverd/ucd_project/ucd_targets/wise1828/r46658304/SPITZER_I2_46658304_0005_0000_2_clean.fits.fcat[IMGHEADER],-93.8422389530718,46658304
/home/rsiverd/ucd_project/ucd_targets/wise1828/r46658304/SPITZER_I2_46658304_0006_0000_2_clean.fits.fcat[IMGHEADER],-93.84636328628,46658304
/home/rsiverd/ucd_project/ucd_targets/wise1828/r46658304/SPITZER_I2_46658304_0007_0000_2_clean.fits.fcat[IMGHEADER],-93.8420365337647,46658304
/home/rsiverd/ucd_project/ucd_targets/wise1828/r46658304/SPITZER_I2_46658304_0008_0000_2_clean.fits.fcat[IMGHEADER],-93.8461712110301,46658304
/home/rsiverd/ucd_project/ucd_targets/wise1828/r46658304/SPITZER_I2_46658304_0009_0000_2_clean.fits.fcat[IMGHEADER],-93.8440256196753,46658304
/home/rsiverd/ucd_project/ucd_targets/wise1828/r61240320/SPITZER_I2_61240320_0001_0000_1_clean.fits.fcat[IMGHEADER],-134.012237585931,61240320
/home/rsiverd/ucd_project/ucd_targets/wise1828/r61240320/SPITZER_I2_61240320_0002_0000_1_clean.fits.fcat[IMGHEADER],-134.016326295522,61240320
/home/rsiverd/ucd_project/ucd_targets/wise1828/r61240320/SPITZER_I2_61240320_0003_0000_1_clean.fits.fcat[IMGHEADER],-134.006858247382,61240320
/home/rsiverd/ucd_project/ucd_targets/wise1828/r61240320/SPITZER_I2_61240320_0004_0000_1_clean.fits.fcat[IMGHEADER],-134.01580808046,61240320
/home/rsiverd/ucd_project/ucd_targets/wise1828/r61240320/SPITZER_I2_61240320_0005_0000_1_clean.fits.fcat[IMGHEADER],-134.008411580668,61240320
/home/rsiverd/ucd_project/ucd_targets/wise1828/r61240320/SPITZER_I2_61240320_0006_0000_1_clean.fits.fcat[IMGHEADER],-134.010684747273,61240320
/home/rsiverd/ucd_project/ucd_targets/wise1828/r61240320/SPITZER_I2_61240320_0007_0000_1_clean.fits.fcat[IMGHEADER],-134.011897247229,61240320
/home/rsiverd/ucd_project/ucd_targets/wise1828/r61240320/SPITZER_I2_61240320_0008_0000_1_clean.fits.fcat[IMGHEADER],-134.016309413753,61240320
/home/rsiverd/ucd_project/ucd_targets/wise1828/r61240320/SPITZER_I2_61240320_0009_0000_1_clean.fits.fcat[IMGHEADER],-134.015320604273,61240320
/home/rsiverd/ucd_project/ucd_targets/wise1828/r61240576/SPITZER_I2_61240576_0001_0000_1_clean.fits.fcat[IMGHEADER],-115.79686412737,61240576
/home/rsiverd/ucd_project/ucd_targets/wise1828/r61240576/SPITZER_I2_61240576_0002_0000_1_clean.fits.fcat[IMGHEADER],-115.797564293907,61240576
/home/rsiverd/ucd_project/ucd_targets/wise1828/r61240576/SPITZER_I2_61240576_0003_0000_1_clean.fits.fcat[IMGHEADER],-115.789413294277,61240576
/home/rsiverd/ucd_project/ucd_targets/wise1828/r61240576/SPITZER_I2_61240576_0004_0000_1_clean.fits.fcat[IMGHEADER],-115.803131793827,61240576
/home/rsiverd/ucd_project/ucd_targets/wise1828/r61240576/SPITZER_I2_61240576_0005_0000_1_clean.fits.fcat[IMGHEADER],-115.795392794063,61240576
/home/rsiverd/ucd_project/ucd_targets/wise1828/r61240576/SPITZER_I2_61240576_0006_0000_1_clean.fits.fcat[IMGHEADER],-115.793711036051,61240576
/home/rsiverd/ucd_project/ucd_targets/wise1828/r61240576/SPITZER_I2_61240576_0007_0000_1_clean.fits.fcat[IMGHEADER],-115.796276197277,61240576
/home/rsiverd/ucd_project/ucd_targets/wise1828/r61240576/SPITZER_I2_61240576_0008_0000_1_clean.fits.fcat[IMGHEADER],-115.801226627234,61240576
/home/rsiverd/ucd_project/ucd_targets/wise1828/r61240576/SPITZER_I2_61240576_0009_0000_1_clean.fits.fcat[IMGHEADER],-115.798976151106,61240576
/home/rsiverd/ucd_project/ucd_targets/wise1828/r61240832/SPITZER_I2_61240832_0001_0000_1_clean.fits.fcat[IMGHEADER],-92.2893941663631,61240832
/home/rsiverd/ucd_project/ucd_targets/wise1828/r61240832/SPITZER_I2_61240832_0002_0000_1_clean.fits.fcat[IMGHEADER],-92.2951596662008,61240832
/home/rsiverd/ucd_project/ucd_targets/wise1828/r61240832/SPITZER_I2_61240832_0003_0000_1_clean.fits.fcat[IMGHEADER],-92.2892556126213,61240832
/home/rsiverd/ucd_project/ucd_targets/wise1828/r61240832/SPITZER_I2_61240832_0004_0000_1_clean.fits.fcat[IMGHEADER],-92.2997589993773,61240832
/home/rsiverd/ucd_project/ucd_targets/wise1828/r61240832/SPITZER_I2_61240832_0005_0000_1_clean.fits.fcat[IMGHEADER],-92.2895602899815,61240832
/home/rsiverd/ucd_project/ucd_targets/wise1828/r61240832/SPITZER_I2_61240832_0006_0000_1_clean.fits.fcat[IMGHEADER],-92.2919243221908,61240832
/home/rsiverd/ucd_project/ucd_targets/wise1828/r61240832/SPITZER_I2_61240832_0007_0000_1_clean.fits.fcat[IMGHEADER],-92.2893458330383,61240832
/home/rsiverd/ucd_project/ucd_targets/wise1828/r61240832/SPITZER_I2_61240832_0008_0000_1_clean.fits.fcat[IMGHEADER],-92.2931770640838,61240832
/home/rsiverd/ucd_project/ucd_targets/wise1828/r61240832/SPITZER_I2_61240832_0009_0000_1_clean.fits.fcat[IMGHEADER],-92.2938206066763,61240832
/home/rsiverd/ucd_project/ucd_targets/wise1828/r61241088/SPITZER_I2_61241088_0001_0000_1_clean.fits.fcat[IMGHEADER],86.8954022942989,61241088
/home/rsiverd/ucd_project/ucd_targets/wise1828/r61241088/SPITZER_I2_61241088_0002_0000_1_clean.fits.fcat[IMGHEADER],86.9026195480358,61241088
/home/rsiverd/ucd_project/ucd_targets/wise1828/r61241088/SPITZER_I2_61241088_0003_0000_1_clean.fits.fcat[IMGHEADER],86.8936967848937,61241088
/home/rsiverd/ucd_project/ucd_targets/wise1828/r61241088/SPITZER_I2_61241088_0004_0000_1_clean.fits.fcat[IMGHEADER],86.9032772666487,61241088
/home/rsiverd/ucd_project/ucd_targets/wise1828/r61241088/SPITZER_I2_61241088_0005_0000_1_clean.fits.fcat[IMGHEADER],86.8936252798788,61241088
/home/rsiverd/ucd_project/ucd_targets/wise1828/r61241088/SPITZER_I2_61241088_0006_0000_1_clean.fits.fcat[IMGHEADER],86.8966939701427,61241088
/home/rsiverd/ucd_project/ucd_targets/wise1828/r61241088/SPITZER_I2_61241088_0007_0000_1_clean.fits.fcat[IMGHEADER],86.8946591098627,61241088
/home/rsiverd/ucd_project/ucd_targets/wise1828/r61241088/SPITZER_I2_61241088_0008_0000_1_clean.fits.fcat[IMGHEADER],86.8981892249788,61241088
/home/rsiverd/ucd_project/ucd_targets/wise1828/r61241088/SPITZER_I2_61241088_0009_0000_1_clean.fits.fcat[IMGHEADER],86.9002961225712,61241088
/home/rsiverd/ucd_project/ucd_targets/wise1828/r61241344/SPITZER_I2_61241344_0001_0000_1_clean.fits.fcat[IMGHEADER],105.609479301885,61241344
/home/rsiverd/ucd_project/ucd_targets/wise1828/r61241344/SPITZER_I2_61241344_0002_0000_1_clean.fits.fcat[IMGHEADER],105.613232032953,61241344
/home/rsiverd/ucd_project/ucd_targets/wise1828/r61241344/SPITZER_I2_61241344_0003_0000_1_clean.fits.fcat[IMGHEADER],105.61343463295,61241344
/home/rsiverd/ucd_project/ucd_targets/wise1828/r61241344/SPITZER_I2_61241344_0004_0000_1_clean.fits.fcat[IMGHEADER],105.622104882704,61241344
/home/rsiverd/ucd_project/ucd_targets/wise1828/r61241344/SPITZER_I2_61241344_0005_0000_1_clean.fits.fcat[IMGHEADER],105.617467699492,61241344
/home/rsiverd/ucd_project/ucd_targets/wise1828/r61241344/SPITZER_I2_61241344_0006_0000_1_clean.fits.fcat[IMGHEADER],105.614998049524,61241344
/home/rsiverd/ucd_project/ucd_targets/wise1828/r61241344/SPITZER_I2_61241344_0007_0000_1_clean.fits.fcat[IMGHEADER],105.612705566339,61241344
/home/rsiverd/ucd_project/ucd_targets/wise1828/r61241344/SPITZER_I2_61241344_0008_0000_1_clean.fits.fcat[IMGHEADER],105.616631882879,61241344
/home/rsiverd/ucd_project/ucd_targets/wise1828/r61241344/SPITZER_I2_61241344_0009_0000_1_clean.fits.fcat[IMGHEADER],105.61461755716,61241344
/home/rsiverd/ucd_project/ucd_targets/wise1828/r61245440/SPITZER_I2_61245440_0001_0000_1_clean.fits.fcat[IMGHEADER],123.919922683405,61245440
/home/rsiverd/ucd_project/ucd_targets/wise1828/r61245440/SPITZER_I2_61245440_0002_0000_1_clean.fits.fcat[IMGHEADER],123.924481216603,61245440
/home/rsiverd/ucd_project/ucd_targets/wise1828/r61245440/SPITZER_I2_61245440_0003_0000_1_clean.fits.fcat[IMGHEADER],123.923129252116,61245440
/home/rsiverd/ucd_project/ucd_targets/wise1828/r61245440/SPITZER_I2_61245440_0004_0000_1_clean.fits.fcat[IMGHEADER],123.929366983133,61245440
/home/rsiverd/ucd_project/ucd_targets/wise1828/r61245440/SPITZER_I2_61245440_0005_0000_1_clean.fits.fcat[IMGHEADER],123.924878719841,61245440
/home/rsiverd/ucd_project/ucd_targets/wise1828/r61245440/SPITZER_I2_61245440_0006_0000_1_clean.fits.fcat[IMGHEADER],123.925002961749,61245440
/home/rsiverd/ucd_project/ucd_targets/wise1828/r61245440/SPITZER_I2_61245440_0007_0000_1_clean.fits.fcat[IMGHEADER],123.921351783363,61245440
/home/rsiverd/ucd_project/ucd_targets/wise1828/r61245440/SPITZER_I2_61245440_0008_0000_1_clean.fits.fcat[IMGHEADER],123.925572574639,61245440
/home/rsiverd/ucd_project/ucd_targets/wise1828/r61245440/SPITZER_I2_61245440_0009_0000_1_clean.fits.fcat[IMGHEADER],123.926777699866,61245440
/home/rsiverd/ucd_project/ucd_targets/wise1828/r61245696/SPITZER_I2_61245696_0001_0000_1_clean.fits.fcat[IMGHEADER],-132.639789885194,61245696
/home/rsiverd/ucd_project/ucd_targets/wise1828/r61245696/SPITZER_I2_61245696_0002_0000_1_clean.fits.fcat[IMGHEADER],-132.643128272178,61245696
/home/rsiverd/ucd_project/ucd_targets/wise1828/r61245696/SPITZER_I2_61245696_0003_0000_1_clean.fits.fcat[IMGHEADER],-132.630537455368,61245696
/home/rsiverd/ucd_project/ucd_targets/wise1828/r61245696/SPITZER_I2_61245696_0004_0000_1_clean.fits.fcat[IMGHEADER],-132.64166698191,61245696
/home/rsiverd/ucd_project/ucd_targets/wise1828/r61245696/SPITZER_I2_61245696_0005_0000_1_clean.fits.fcat[IMGHEADER],-132.633119121972,61245696
/home/rsiverd/ucd_project/ucd_targets/wise1828/r61245696/SPITZER_I2_61245696_0006_0000_1_clean.fits.fcat[IMGHEADER],-132.635455788553,61245696
/home/rsiverd/ucd_project/ucd_targets/wise1828/r61245696/SPITZER_I2_61245696_0007_0000_1_clean.fits.fcat[IMGHEADER],-132.635604724033,61245696
/home/rsiverd/ucd_project/ucd_targets/wise1828/r61245696/SPITZER_I2_61245696_0008_0000_1_clean.fits.fcat[IMGHEADER],-132.640952955044,61245696
/home/rsiverd/ucd_project/ucd_targets/wise1828/r61245696/SPITZER_I2_61245696_0009_0000_1_clean.fits.fcat[IMGHEADER],-132.639253227044,61245696
/home/rsiverd/ucd_project/ucd_targets/wise1828/r61245952/SPITZER_I2_61245952_0001_0000_1_clean.fits.fcat[IMGHEADER],-112.844458382657,61245952
/home/rsiverd/ucd_project/ucd_targets/wise1828/r61245952/SPITZER_I2_61245952_0002_0000_1_clean.fits.fcat[IMGHEADER],-112.846775549265,61245952
/home/rsiverd/ucd_project/ucd_targets/wise1828/r61245952/SPITZER_I2_61245952_0003_0000_1_clean.fits.fcat[IMGHEADER],-112.84291238273,61245952
/home/rsiverd/ucd_project/ucd_targets/wise1828/r61245952/SPITZER_I2_61245952_0004_0000_1_clean.fits.fcat[IMGHEADER],-112.852678059827,61245952
/home/rsiverd/ucd_project/ucd_targets/wise1828/r61245952/SPITZER_I2_61245952_0005_0000_1_clean.fits.fcat[IMGHEADER],-112.844838382646,61245952
/home/rsiverd/ucd_project/ucd_targets/wise1828/r61245952/SPITZER_I2_61245952_0006_0000_1_clean.fits.fcat[IMGHEADER],-112.846212576166,61245952
/home/rsiverd/ucd_project/ucd_targets/wise1828/r61245952/SPITZER_I2_61245952_0007_0000_1_clean.fits.fcat[IMGHEADER],-112.843121931064,61245952
/home/rsiverd/ucd_project/ucd_targets/wise1828/r61245952/SPITZER_I2_61245952_0008_0000_1_clean.fits.fcat[IMGHEADER],-112.848391549229,61245952
/home/rsiverd/ucd_project/ucd_targets/wise1828/r61245952/SPITZER_I2_61245952_0009_0000_1_clean.fits.fcat[IMGHEADER],-112.846584275468,61245952
/home/rsiverd/ucd_project/ucd_targets/wise1828/r61246208/SPITZER_I2_61246208_0001_0000_1_clean.fits.fcat[IMGHEADER],-93.0098154780774,61246208
/home/rsiverd/ucd_project/ucd_targets/wise1828/r61246208/SPITZER_I2_61246208_0002_0000_1_clean.fits.fcat[IMGHEADER],-93.0157554779133,61246208
/home/rsiverd/ucd_project/ucd_targets/wise1828/r61246208/SPITZER_I2_61246208_0003_0000_1_clean.fits.fcat[IMGHEADER],-93.0035954298303,61246208
/home/rsiverd/ucd_project/ucd_targets/wise1828/r61246208/SPITZER_I2_61246208_0004_0000_1_clean.fits.fcat[IMGHEADER],-93.0118551446742,61246208
/home/rsiverd/ucd_project/ucd_targets/wise1828/r61246208/SPITZER_I2_61246208_0005_0000_1_clean.fits.fcat[IMGHEADER],-93.0058546448883,61246208
/home/rsiverd/ucd_project/ucd_targets/wise1828/r61246208/SPITZER_I2_61246208_0006_0000_1_clean.fits.fcat[IMGHEADER],-93.0100868113725,61246208
/home/rsiverd/ucd_project/ucd_targets/wise1828/r61246208/SPITZER_I2_61246208_0007_0000_1_clean.fits.fcat[IMGHEADER],-93.0076118114699,61246208
/home/rsiverd/ucd_project/ucd_targets/wise1828/r61246208/SPITZER_I2_61246208_0008_0000_1_clean.fits.fcat[IMGHEADER],-93.0126088113203,61246208
/home/rsiverd/ucd_project/ucd_targets/wise1828/r61246208/SPITZER_I2_61246208_0009_0000_1_clean.fits.fcat[IMGHEADER],-93.0155452936862,61246208
/home/rsiverd/ucd_project/ucd_targets/wise1828/r61246464/SPITZER_I2_61246464_0001_0000_1_clean.fits.fcat[IMGHEADER],84.906078336224,61246464
/home/rsiverd/ucd_project/ucd_targets/wise1828/r61246464/SPITZER_I2_61246464_0002_0000_1_clean.fits.fcat[IMGHEADER],84.9122303344286,61246464
/home/rsiverd/ucd_project/ucd_targets/wise1828/r61246464/SPITZER_I2_61246464_0003_0000_1_clean.fits.fcat[IMGHEADER],84.9036024106289,61246464
/home/rsiverd/ucd_project/ucd_targets/wise1828/r61246464/SPITZER_I2_61246464_0004_0000_1_clean.fits.fcat[IMGHEADER],84.9120426610444,61246464
/home/rsiverd/ucd_project/ucd_targets/wise1828/r61246464/SPITZER_I2_61246464_0005_0000_1_clean.fits.fcat[IMGHEADER],84.9043431412658,61246464
/home/rsiverd/ucd_project/ucd_targets/wise1828/r61246464/SPITZER_I2_61246464_0007_0000_1_clean.fits.fcat[IMGHEADER],84.9047633169694,61246464
/home/rsiverd/ucd_project/ucd_targets/wise1828/r61246464/SPITZER_I2_61246464_0008_0000_1_clean.fits.fcat[IMGHEADER],84.9087653161439,61246464
/home/rsiverd/ucd_project/ucd_targets/wise1828/r61246464/SPITZER_I2_61246464_0009_0000_1_clean.fits.fcat[IMGHEADER],84.911496266683,61246464
/home/rsiverd/ucd_project/ucd_targets/wise1828/r61246720/SPITZER_I2_61246720_0001_0000_1_clean.fits.fcat[IMGHEADER],105.102738720323,61246720
/home/rsiverd/ucd_project/ucd_targets/wise1828/r61246720/SPITZER_I2_61246720_0002_0000_1_clean.fits.fcat[IMGHEADER],105.106651091173,61246720
/home/rsiverd/ucd_project/ucd_targets/wise1828/r61246720/SPITZER_I2_61246720_0003_0000_1_clean.fits.fcat[IMGHEADER],105.100579015028,61246720
/home/rsiverd/ucd_project/ucd_targets/wise1828/r61246720/SPITZER_I2_61246720_0004_0000_1_clean.fits.fcat[IMGHEADER],105.109184720124,61246720
/home/rsiverd/ucd_project/ucd_targets/wise1828/r61246720/SPITZER_I2_61246720_0005_0000_1_clean.fits.fcat[IMGHEADER],105.104257317103,61246720
/home/rsiverd/ucd_project/ucd_targets/wise1828/r61246720/SPITZER_I2_61246720_0006_0000_1_clean.fits.fcat[IMGHEADER],105.105215264846,61246720
/home/rsiverd/ucd_project/ucd_targets/wise1828/r61246720/SPITZER_I2_61246720_0007_0000_1_clean.fits.fcat[IMGHEADER],105.10027736557,61246720
/home/rsiverd/ucd_project/ucd_targets/wise1828/r61246720/SPITZER_I2_61246720_0008_0000_1_clean.fits.fcat[IMGHEADER],105.108239768472,61246720
/home/rsiverd/ucd_project/ucd_targets/wise1828/r61246720/SPITZER_I2_61246720_0009_0000_1_clean.fits.fcat[IMGHEADER],105.108310021799,61246720
/home/rsiverd/ucd_project/ucd_targets/wise1828/r61246976/SPITZER_I2_61246976_0001_0000_1_clean.fits.fcat[IMGHEADER],123.399223687204,61246976
/home/rsiverd/ucd_project/ucd_targets/wise1828/r61246976/SPITZER_I2_61246976_0002_0000_1_clean.fits.fcat[IMGHEADER],123.405697929042,61246976
/home/rsiverd/ucd_project/ucd_targets/wise1828/r61246976/SPITZER_I2_61246976_0003_0000_1_clean.fits.fcat[IMGHEADER],123.401114782202,61246976
/home/rsiverd/ucd_project/ucd_targets/wise1828/r61246976/SPITZER_I2_61246976_0004_0000_1_clean.fits.fcat[IMGHEADER],123.406184154739,61246976
/home/rsiverd/ucd_project/ucd_targets/wise1828/r61246976/SPITZER_I2_61246976_0005_0000_1_clean.fits.fcat[IMGHEADER],123.401769009784,61246976
/home/rsiverd/ucd_project/ucd_targets/wise1828/r61246976/SPITZER_I2_61246976_0006_0000_1_clean.fits.fcat[IMGHEADER],123.406040848355,61246976
/home/rsiverd/ucd_project/ucd_targets/wise1828/r61246976/SPITZER_I2_61246976_0007_0000_1_clean.fits.fcat[IMGHEADER],123.399773945282,61246976
/home/rsiverd/ucd_project/ucd_targets/wise1828/r61246976/SPITZER_I2_61246976_0008_0000_1_clean.fits.fcat[IMGHEADER],123.40360489677,61246976
/home/rsiverd/ucd_project/ucd_targets/wise1828/r61246976/SPITZER_I2_61246976_0009_0000_1_clean.fits.fcat[IMGHEADER],123.406358226811,61246976
